"Scus94491BpeSegment::scriptSetIndicatorsDisabled","Forces disabling/enabling of indicators during scripted movement (not during normal play)"
"Scus94491BpeSegment::scriptReadIndicatorsDisabled","Reads indicator status during some scripted movement (only identified instance so far is Bale boat ride)"
"Scus94491BpeSegment::scriptSetGlobalFlag1","Sets or clears a bit in the flags 1 array at GameState#scriptFlags1_13c"
"Scus94491BpeSegment::scriptReadGlobalFlag1","Reads a bit in the flags 1 array at GameState#scriptFlags1_13c"
"Scus94491BpeSegment::scriptSetGlobalFlag2","Sets or clears a bit in the flags 2 array at GameState#scriptFlags2_bc"
"Scus94491BpeSegment::scriptReadGlobalFlag2","Reads a bit in the flags 2 array at GameState#scriptFlags2_bc"
"Scus94491BpeSegment::scriptStartFadeEffect","Starts a full-screen fade effect"
"Scus94491BpeSegment::scriptWaitForFilesToLoad","Rewinds if there are files currently loading; pauses otherwise"
"Scus94491BpeSegment::FUN_80017584","Something related to rumble"
"Scus94491BpeSegment::scriptSetFlag","Sets or clears a bit in a flags array"
"Scus94491BpeSegment::scriptReadFlag","Reads a bit in a flags array"
"Scus94491BpeSegment::FUN_80017688","Something related to rumble"
"SMap::scriptRestoreCharDataVitals","Restore vitals for all characters"
"SMap::scriptClearStatusEffects","Clears status effects for all characters"
"SMap::scriptCloneCharacterData","Overwrite one character's CharData with that of another character (also restores the destination character's vitals)"
"SMap::scriptSetCharAddition","Set a character's addition"
"Scus94491BpeSegment::FUN_800176c0","Something related to rumble"
"Scus94491BpeSegment::FUN_800176ec","Something related to rumble"
"SMap::scriptGetCharAddition","Get a character's addition"
"SMap::scriptMaxOutDartDragoon","Maxes out Dart's Dragoon and fully restores his HP/MP/SP"
"Scus94491BpeSegment::scriptRewindAndPause2","Does nothing"
"Scus94491BpeSegment::scriptRewindAndPause2","Does nothing"
"Scus94491BpeSegment::scriptRewindAndPause2","Does nothing"
"Scus94491BpeSegment::scriptRewindAndPause2","Does nothing"
"Scus94491BpeSegment::scriptRewindAndPause2","Does nothing"
"Scus94491BpeSegment::scriptRewindAndPause2","Does nothing"
"Scus94491BpeSegment::scriptRewindAndPause2","Does nothing"
"Scus94491BpeSegment::scriptRewindAndPause2","Does nothing"
"Scus94491BpeSegment::scriptRewindAndPause2","Does nothing"
"Scus94491BpeSegment::scriptRewindAndPause2","Does nothing"
"Scus94491BpeSegment::scriptRewindAndPause2","Does nothing"
"Scus94491BpeSegment::scriptRewindAndPause2","Does nothing"
"Bttl_800d::scriptResetCameraMovement","Resets battle camera movement"
"Bttl_800d::FUN_800dac20","Related to battle camera movement"
"Bttl_800d::FUN_800db034","Related to battle camera movement"
"Bttl_800d::FUN_800db460","Related to battle camera movement"
"Bttl_800d::FUN_800db574","Related to battle camera movement"
"Bttl_800d::FUN_800db688","Related to battle camera movement"
"Bttl_800d::FUN_800db79c","Related to battle camera movement"
"Bttl_800d::FUN_800db8b0","Related to battle camera movement"
"Bttl_800d::FUN_800db9e0","Related to battle camera movement"
"Bttl_800d::scriptIsCameraMoving","Whether or not the camera is currently moving"
"Bttl_800d::scriptCalculateCameraValue","Calculates multiple different absolute or relative camera values"
"Bttl_800d::FUN_800dbb9c","Unused"
"Bttl_800d::scriptWobbleCamera","Sets the camera wobble"
"Bttl_800d::scriptStopCameraMovement","Stops camera movement"
"Bttl_800d::scriptSetViewportTwist","Sets the viewport twist"
"Bttl_800d::FUN_800dbc80","Unknown"
"Bttl_800d::scriptSetCameraProjectionPlaneDistance","Sets camera projection plane distance"
"Bttl_800d::scriptGetProjectionPlaneDistance","Gets the camera projection plane distance"
"Bttl_800d::scriptMoveCameraProjectionPlane","Causes the battle camera projection plane distance to begin moving"
"Scus94491BpeSegment::scriptRewindAndPause2","Does nothing"
"Scus94491BpeSegment::scriptRewindAndPause2","Does nothing"
"Scus94491BpeSegment::scriptRewindAndPause2","Does nothing"
"Scus94491BpeSegment::scriptRewindAndPause2","Does nothing"
"Scus94491BpeSegment::scriptRewindAndPause2","Does nothing"
"Scus94491BpeSegment::scriptRewindAndPause2","Does nothing"
"Scus94491BpeSegment::scriptRewindAndPause2","Does nothing"
"Scus94491BpeSegment::scriptRewindAndPause2","Does nothing"
"Scus94491BpeSegment::scriptRewindAndPause2","Does nothing"
"Scus94491BpeSegment::scriptRewindAndPause2","Does nothing"
"Scus94491BpeSegment::scriptRewindAndPause2","Does nothing"
"Scus94491BpeSegment::scriptRewindAndPause2","Does nothing"
"Scus94491BpeSegment::scriptRewindAndPause2","Does nothing"
"Scus94491BpeSegment::scriptRewindAndPause2","Does nothing"
"Scus94491BpeSegment::scriptRewindAndPause2","Does nothing"
"Scus94491BpeSegment::scriptRewindAndPause2","Does nothing"
"Scus94491BpeSegment::scriptRewindAndPause2","Does nothing"
"Scus94491BpeSegment::scriptRewindAndPause2","Does nothing"
"Scus94491BpeSegment::scriptRewindAndPause2","Does nothing"
"Scus94491BpeSegment::scriptRewindAndPause2","Does nothing"
"Scus94491BpeSegment::scriptRewindAndPause2","Does nothing"
"Scus94491BpeSegment::scriptRewindAndPause2","Does nothing"
"Scus94491BpeSegment::scriptRewindAndPause2","Does nothing"
"Scus94491BpeSegment::scriptRewindAndPause2","Does nothing"
"Scus94491BpeSegment::scriptRewindAndPause2","Does nothing"
"Scus94491BpeSegment::scriptRewindAndPause2","Does nothing"
"Scus94491BpeSegment::scriptRewindAndPause2","Does nothing"
"Scus94491BpeSegment::scriptRewindAndPause2","Does nothing"
"Scus94491BpeSegment::scriptRewindAndPause2","Does nothing"
"Scus94491BpeSegment::scriptRewindAndPause2","Does nothing"
"Scus94491BpeSegment::scriptRewindAndPause2","Does nothing"
"Scus94491BpeSegment::scriptRewindAndPause2","Does nothing"
"Scus94491BpeSegment::scriptRewindAndPause2","Does nothing"
"Scus94491BpeSegment::scriptRewindAndPause2","Does nothing"
"Scus94491BpeSegment::scriptRewindAndPause2","Does nothing"
"Scus94491BpeSegment::scriptRewindAndPause2","Does nothing"
"Scus94491BpeSegment::scriptRewindAndPause2","Does nothing"
"Scus94491BpeSegment::scriptRewindAndPause2","Does nothing"
"Scus94491BpeSegment::scriptRewindAndPause2","Does nothing"
"Scus94491BpeSegment::scriptRewindAndPause2","Does nothing"
"Scus94491BpeSegment::scriptRewindAndPause2","Does nothing"
"Scus94491BpeSegment::scriptRewindAndPause2","Does nothing"
"Scus94491BpeSegment::scriptRewindAndPause2","Does nothing"
"Scus94491BpeSegment::scriptRewindAndPause2","Does nothing"
"Scus94491BpeSegment::scriptRewindAndPause2","Does nothing"
"SMap::scriptSelfLoadSobjModelAndAnimation","Load a model/animation into this submap object"
"SMap::scriptSelfLoadSobjAnimation","Load a new animation into this submap object"
"SMap::scriptSelfGetSobjAnimation","Get a submap object's animation"
"SMap::FUN_800df1f8","Set us_12a on this submap object"
"SMap::FUN_800df228","Get us_12a from this submap object"
"SMap::scriptSetModelPosition","Set a submap object's position"
"SMap::scriptReadModelPosition","Get a submap object's position"
"SMap::scriptSetModelRotate","Set a submap object's rotation"
"SMap::scriptReadModelRotate","Get a submap object's rotation"
"SMap::scriptSelfFacePoint","Rotates this submap object to face a point in 3D space"
"SMap::FUN_800df410","Set us_128 on a submap object"
"SMap::FUN_800df440","Something to do with forced movement. Used when Dart is halfway through his jump animation in volcano."
"SMap::FUN_800df488","Something to do with forced movement. Used when Dart is halfway through his jump animation in volcano."
"SMap::FUN_800df4d0","Unknown"
"SMap::FUN_800df500","Unknown"
"SMap::FUN_800df530","Sets submap object s_172"
"SMap::FUN_800df560","Something related to submap object animated textures"
"SMap::scriptSelfEnableTextureAnimation","Enable this submap object animated texture"
"SMap::FUN_800df590","Unknown"
"SMap::scriptSelfDisableTextureAnimation","Disable this submap object animated texture"
"SMap::FUN_800df620","Get a submap object's us_170"
"SMap::scriptSelfAttachCameraToSobj","Attaches the camera to this submap object"
"SMap::scriptSelfIsCameraAttached","Checks to see if the camera is attached to this submap object"
"SMap::scriptSetCameraPos","Sets the camera position"
"SMap::scriptRotateSobj","Rotates a submap object by a relative amount over time"
"SMap::scriptRotateSobjAbsolute","Rotates a submap object to an absolute rotation over time"
"SMap::FUN_800df904","Something to do with forced movement"
"SMap::scriptMovePlayer","Moves the player"
"SMap::scriptFacePlayer","Rotates this submap object to face the player"
"SMap::FUN_800df9a8","Unknown, may get submap object's position in screen space"
"SMap::scriptGetCurrentSubmapId","Gets the ID of the current submap"
"SMap::scriptSelfGetSobjNobj","Get the number of model parts in this submap object model"
"Bttl_800c::scriptSetBentPos","Sets the position of a battle entity"
"Bttl_800c::scriptGetBentPos","Gets the position of a battle entity"
"Bttl_800c::scriptSetBentRotation","Sets the rotation of a battle entity"
"Bttl_800c::FUN_800cc7d8","Something related to battle entity asset loading"
"Bttl_800c::scriptSetBentRotationY","Sets the Y rotation of a battle entity"
"Bttl_800c::loadAllCharAttackAnimations","Loads the attack animations for every combatant"
"Bttl_800c::scriptGetBentRotation","Gets the rotation of a battle entity"
"Scus94491BpeSegment::scriptRewindAndPause2","Does nothing"
"Bttl_800c::scriptGetMonsterStatusResistFlags","Gets the status resist flags of a monster battle entity"
"Scus94491BpeSegment::scriptRewindAndPause2","Does nothing"
"Bttl_800c::FUN_800cb618","Sets bit 10 of battle entity script flags (possibly whether a battle entity renders and animates?)"
"Bttl_800c::scriptSetInterpolationEnabled","Sets whether or not a battle entity's animation interpolation is enabled"
"Bttl_800c::FUN_800cb6bc","Something related to loading a battle entity's animation"
"Bttl_800c::FUN_800cb764","No-op"
"Bttl_800c::FUN_800cb76c","Something related battle entity animation"
"Bttl_800c::scriptGetLoadingBentAnimationIndex","Gets a battle entity's loading animation"
"Bttl_800c::scriptPauseAnimation","Pauses a battle entity's animation"
"Bttl_800c::scriptResumeAnimation","Resumes a battle entity's animation"
"Bttl_800c::scriptSetBentAnimationLoopState","Sets a battle entity's loop state"
"Bttl_800c::scriptAnimationHasFinished","Check if a battle entity's animation has finished"
"Bttl_800c::FUN_800cbb00","Unknown"
"Bttl_800c::FUN_800cbc14","Unknown"
"Bttl_800c::FUN_800cbde0","Unknown"
"Bttl_800c::FUN_800cbef8","Unknown"
"Bttl_800c::FUN_800cc0c8","Unknown"
"Bttl_800c::FUN_800cc1cc","Unknown"
"Bttl_800c::FUN_800cc364","Unknown"
"Bttl_800c::FUN_800cc46c","Unknown"
"Bttl_800c::scriptBentLookAtBent","Turn a battle entity towards another"
"Bttl_800c::FUN_800cc698","Unknown"
"Bttl_800c::FUN_800cc784","Unknown"
"Bttl_800c::scriptLoadAttackAnimations","Loads the attack animations for a battle entity"
"Bttl_800c::scriptSetUpAndHandleCombatMenu","Sets up battle menu, handles its input, and renders it"
"Scus94491BpeSegment::scriptRewindAndPause2","Does nothing"
"Scus94491BpeSegment::scriptRewindAndPause2","Does nothing"
"Scus94491BpeSegment::scriptRewindAndPause2","Does nothing"
"Bttl_800c::scriptRenderDamage","Adds a damage number to a battle entity"
"Bttl_800c::scriptAddFloatingNumberForBent","Adds a floating number above a battle entity"
"Bttl_800c::FUN_800ccba4","Unknown"
"Bttl_800c::scriptGetCharOrMonsterId","Gets the character or monster ID for a battle entity"
"Bttl_800c::scriptSetBentStat","Sets a stat value of a battle entity (doesn't allow setting negative HP)"
"Bttl_800c::scriptGetBentStat","Gets a stat value of a battle entity"
"Bttl_800c::scriptSetPostBattleAction","Sets the post-battle action"
"Bttl_800c::FUN_800ccec8","Unknown, related to HUD"
"Bttl_800c::FUN_800ccef8","Sets post-battle action to 3"
"Bttl_800c::scriptSetBentDeadAndDropLoot","Sets a battle entity as dead (or not dead) and drops its loot"
"Bttl_800c::scriptGetHitProperty","Gets the hit property of a battle entity"
"Bttl_800c::scriptSetBentDead","Sets a battle entity as dead (or not), but doesn't drop loot"
"Bttl_800c::scriptLevelUpAddition","Levels up a character's addition"
"Bttl_800c::scriptGetBentStat2","Gets a stat value of a battle entity"
"Bttl_800c::scriptSetBentRawStat","Sets a stat value of a battle entity"
"Scus94491BpeSegment::scriptRewindAndPause2","Does nothing"
"Scus94491BpeSegment::scriptRewindAndPause2","Does nothing"
"Scus94491BpeSegment::scriptRewindAndPause2","Does nothing"
"Scus94491BpeSegment::scriptRewindAndPause2","Does nothing"
"Scus94491BpeSegment::scriptRewindAndPause2","Does nothing"
"Scus94491BpeSegment::scriptRewindAndPause2","Does nothing"
"Scus94491BpeSegment::scriptRewindAndPause2","Does nothing"
"Scus94491BpeSegment::scriptRewindAndPause2","Does nothing"
"Scus94491BpeSegment::scriptRewindAndPause2","Does nothing"
"Scus94491BpeSegment::scriptRewindAndPause2","Does nothing"
"Scus94491BpeSegment::scriptRewindAndPause2","Does nothing"
"Scus94491BpeSegment::scriptRewindAndPause2","Does nothing"
"Scus94491BpeSegment::scriptRewindAndPause2","Does nothing"
"Scus94491BpeSegment_8002::scriptGetFreeTextboxIndex","Gets the first free textbox index"
"Scus94491BpeSegment_8002::scriptInitTextbox","Initialize a textbox"
"Scus94491BpeSegment_8002::scriptSetTextboxContents","Sets a textbox's text and type"
"Scus94491BpeSegment_8002::scriptIsTextboxInitialized","Returns whether or not a textbox is initialized"
"Scus94491BpeSegment_8002::scriptGetTextboxState","Gets the textbox state"
"Scus94491BpeSegment_8002::scriptGetTextboxTextState","Gets the textbox text state"
"SMap::scriptAddSobjTextbox","Adds a textbox to a submap object"
"Scus94491BpeSegment_8002::scriptSetTextboxVariable","Sets a variable used in a textbox's text (<var:n>)"
"Scus94491BpeSegment_8002::scriptAddTextbox","Adds a textbox to a submap object"
"Scus94491BpeSegment_8002::scriptDeallocateTextbox","Deallocates a textbox"
"Scus94491BpeSegment_8002::scriptDeallocateAllTextboxes","Deallocates all textboxes"
"Scus94491BpeSegment_8002::FUN_80029ecc","Unknown, related to textboxes"
"Scus94491BpeSegment_8002::FUN_80028ff8","Unknown, sets textbox 0 to hardcoded values (garbage text? unused?"
"Scus94491BpeSegment_8002::scriptGetTextboxSelectionIndex","Gets the index of the currently-selected textbox line (i.e. do you want to stay at this inn? yes/no)"
"Scus94491BpeSegment_8002::scriptGetTextboxElement","Return's a textbox's element"
"Scus94491BpeSegment_8002::scriptAddSelectionTextbox","Adds a textbox with selectable lines (like Yes/No, Enter/Don't Enter)"
"Scus94491BpeSegment::scriptRewindAndPause2","Does nothing"
"Scus94491BpeSegment::scriptRewindAndPause2","Does nothing"
"Scus94491BpeSegment::scriptRewindAndPause2","Does nothing"
"Scus94491BpeSegment::scriptRewindAndPause2","Does nothing"
"Scus94491BpeSegment::scriptRewindAndPause2","Does nothing"
"Scus94491BpeSegment::scriptRewindAndPause2","Does nothing"
"Scus94491BpeSegment::scriptRewindAndPause2","Does nothing"
"Scus94491BpeSegment::scriptRewindAndPause2","Does nothing"
"Scus94491BpeSegment::scriptRewindAndPause2","Does nothing"
"Scus94491BpeSegment::scriptRewindAndPause2","Does nothing"
"Scus94491BpeSegment::scriptRewindAndPause2","Does nothing"
"Scus94491BpeSegment::scriptRewindAndPause2","Does nothing"
"Scus94491BpeSegment::scriptRewindAndPause2","Does nothing"
"Scus94491BpeSegment::scriptRewindAndPause2","Does nothing"
"Scus94491BpeSegment::scriptRewindAndPause2","Does nothing"
"Scus94491BpeSegment::scriptRewindAndPause2","Does nothing"
"Scus94491BpeSegment::scriptLoadMenuSounds","Loads the main menu sounds"
"Scus94491BpeSegment::FUN_8001e918","Unused"
"Scus94491BpeSegment::scriptLoadCharAttackSounds","Loads attack sounds for a character"
"Scus94491BpeSegment::FUN_8001eb30","Unused"
"Scus94491BpeSegment::scriptLoadBattleCutsceneSounds","Load a battle cutscene's sounds"
"Scus94491BpeSegment::scriptLoadMonsterAttackSounds","Load a monster's sounds"
"Scus94491BpeSegment::scriptLoadMusicPackage","Load a music package"
"Scus94491BpeSegment::FUN_8001fe28","Load some kind of audio package"
"Scus94491BpeSegment::scriptUnloadSoundFile","Unloads a sound file"
"Scus94491BpeSegment_8002::scriptUnuseCharSoundFile","Mark a character battle entity's sound files as no longer used"
"Scus94491BpeSegment_8002::scriptStopEncounterSoundEffects","Stops and unloads the encounter's sound effects"
"Scus94491BpeSegment_8002::scriptFreeEncounterSoundEffects","Frees the encounter's sound effects"
"Scus94491BpeSegment::scriptPlaySound","Play a sound"
"Scus94491BpeSegment::scriptStopSound","Stop a sound"
"Scus94491BpeSegment::scriptPlayBentSound","Play a battle entity sound"
"Scus94491BpeSegment::scriptStopBentSound","Stop a battle entity sound"
"Scus94491BpeSegment::scriptStopSoundsAndSequences","Stops all sounds and sequences"
"Scus94491BpeSegment::scriptStartCurrentMusicSequence","Starts the current music sequence"
"Scus94491BpeSegment::scriptStopCurrentMusicSequence","Stops the current music sequence"
"Scus94491BpeSegment::scriptStopCurrentMusicSequence2","Stops the current music sequence"
"Scus94491BpeSegment::FUN_8001aec8","Stops the current music sequence if 800bd0f0 is 2"
"Scus94491BpeSegment::scriptStartEncounterSounds","Starts the encounter sounds sequence"
"Scus94491BpeSegment::scriptStopEncounterSounds","Stops the encounter sounds sequence"
"Scus94491BpeSegment::scriptStopEncounterSounds2","Stops the encounter sounds sequence"
"Scus94491BpeSegment::FUN_8001b094","Stops the encounter sounds sequence if 800bd0f0 is 2"
"Scus94491BpeSegment::FUN_8001b134","No-op"
"Scus94491BpeSegment::FUN_8001b13c","No-op"
"Scus94491BpeSegment::FUN_8001b144","No-op"
"Scus94491BpeSegment::scriptSetMainVolume","Sets the main volume"
"Scus94491BpeSegment::scriptSetSequenceVolume","Sets the sequence volume"
"Scus94491BpeSegment::scriptSetAllSoundSequenceVolumes","Sets the volume for all sequences"
"Scus94491BpeSegment::scriptSssqFadeIn","Fade in all sequenced audio"
"SMap::scriptMapTransition","Transitions to another submap cut/scene (certain values have special meanings - FMVs, menus)"
"SMap::scriptGetCameraOffset","Gets the camera offset"
"SMap::scriptSetCameraOffset","Sets the camera offset (mode is based on the last call to scriptSetModeParamForNextCallToScriptSetCameraOffsetOrHideSubmapForegroundObject)"
"SMap::scriptGetCollisionAndTransitionInfo","Gets collision and transition info (not fully understood, don't know what index is, or what the flags are)"
"SMap::FUN_800e69e8","No-op"
"SMap::FUN_800e69f0","Sets collision and transition flag 0x8 (not fully understood, don't know what index is, or what the flags are)"
"SMap::FUN_800e6a28","Clears collision and transition flag 0x8 (not fully understood, don't know what index is, or what the flags are)"
"SMap::scriptSetEnvForegroundPosition","Sets the position of an environment foreground overlay"
"SMap::scriptSetModeParamForNextCallToScriptSetCameraOffsetOrHideSubmapForegroundObject","Either sets the mode for a subsequent call to scriptSetCameraOffset, or hides a submap foreground overlay. May be for revealing areas when walking through doors, for example."
"SMap::scriptGetSetEncountersDisabled","Gets (and optionally sets) whether submap encounters are disabled"
"SMap::FUN_800e6aa0","Unknown, related to environment foreground overlays"
"SMap::FUN_800e6b64","Unknown, returns vector possibly related to collision"
"SMap::FUN_800e6bd8","No-op"
"SMap::FUN_800e6be0","Unknown usage, I think this calculates a Z sorting value for a submap object"
"SMap::FUN_800e6cac","Unknown, seems to be a temporary X/Y camera offset for the next time the offset is calculated"
"SMap::scriptStartFmv","Starts an FMV"
"Scus94491BpeSegment::scriptRewindAndPause2","Does nothing"
"Scus94491BpeSegment::scriptRewindAndPause2","Does nothing"
"Scus94491BpeSegment::scriptRewindAndPause2","Does nothing"
"Scus94491BpeSegment::scriptRewindAndPause2","Does nothing"
"Scus94491BpeSegment::scriptRewindAndPause2","Does nothing"
"Scus94491BpeSegment::scriptRewindAndPause2","Does nothing"
"Scus94491BpeSegment::scriptRewindAndPause2","Does nothing"
"Scus94491BpeSegment::scriptRewindAndPause2","Does nothing"
"Scus94491BpeSegment::scriptRewindAndPause2","Does nothing"
"Scus94491BpeSegment::scriptRewindAndPause2","Does nothing"
"Scus94491BpeSegment::scriptRewindAndPause2","Does nothing"
"Scus94491BpeSegment::scriptRewindAndPause2","Does nothing"
"Scus94491BpeSegment::scriptRewindAndPause2","Does nothing"
"Scus94491BpeSegment::scriptRewindAndPause2","Does nothing"
"Scus94491BpeSegment::scriptRewindAndPause2","Does nothing"
"Scus94491BpeSegment::scriptRewindAndPause2","Does nothing"
"SMap::scriptSelfHideModelPart","Hide a model part in this submap object model"
"SMap::scriptSelfShowModelPart","Show a model part in this submap object model"
"SMap::scriptSelfFaceCamera","Make this submap object face the camera"
"SMap::scriptScaleXyz","Scale a submap object"
"SMap::scriptScaleUniform","Scale a submap object uniformly"
"SMap::scriptSetModelZOffset","Set a submap object's Z offset"
"SMap::scriptSelfSetSobjFlag","Set this submap object's flag"
"SMap::FUN_800dfd10","Get this submap object's flag"
"SMap::FUN_800de334","Unknown, related to triangle indicators"
"SMap::FUN_800de4b4","Unknown, related to triangle indicators"
"SMap::scriptShowAlertIndicator","Show the triangle indicator for this submap object"
"SMap::scriptHideAlertIndicator","Hide the triangle indicator for this submap object"
"SMap::FUN_800dfd48","Unknown, related to triangle indicators"
"SMap::FUN_800e05c8","Unknown"
"SMap::FUN_800e05f0","Unknown"
"SMap::scriptEnableSobjFlatLight","Enable flag lighting for a submap object"
"SMap::scriptDisableSobjFlatLight","Disable flag lighting for a submap object"
"SMap::scriptSetSobjCollision1","Sets collision metrics for a submap object (collision type unknown)"
"SMap::scriptGetSobjCollidedWith1","Checks if a submap object is collided (collision type unknown)"
"SMap::scriptSetSobjCollision2","Sets collision metrics for a submap object (collision type unknown)"
"SMap::scriptGetSobjCollidedWith2","Checks if a submap object is collided (collision type unknown)"
"SMap::scriptSetAmbientColour","Sets the ambient colour of a submap object"
"SMap::scriptResetAmbientColour","Disables the ambient colour of a submap object"
"SMap::scriptEnableShadow","Enable shadows for a submap object"
"SMap::scriptDisableShadow","Disables shadows for a submap object"
"SMap::scriptSetShadowSize","Sets the shadow size of a submap object"
"SMap::scriptSetShadowOffset","Sets the shadow offset of a submap object"
"SMap::scriptCheckPlayerCollision","Checks player collision"
"SMap::scriptGetPlayerMovement","Gets the movement vector of the player submap object"
"SMap::scriptSwapShadowTexture","Swaps between the normal and darker shadow textures"
"SMap::scriptSetSobjPlayerCollisionMetrics","Sets collision metrics for a submap object (collision type unknown)"
"SMap::FUN_800e0cb8","Unknown"
"Bttl_800c::scriptEnableBentTextureAnimation","Enables or disables a battle entity's texture's animation"
"Scus94491BpeSegment::scriptRewindAndPause2","Does nothing"
"Bttl_800c::scriptSetLoadingBentAnimationIndex","Sets a battle entity's loading animation"
"Bttl_800c::FUN_800cb95c","Something related battle entity animation"
"Scus94491BpeSegment::scriptRewindAndPause2","Does nothing"
"Scus94491BpeSegment::scriptRewindAndPause2","Does nothing"
"Scus94491BpeSegment::scriptRewindAndPause2","Does nothing"
"Scus94491BpeSegment::scriptRewindAndPause2","Does nothing"
"Scus94491BpeSegment::scriptRewindAndPause2","Does nothing"
"Scus94491BpeSegment::scriptRewindAndPause2","Does nothing"
"Scus94491BpeSegment::scriptRewindAndPause2","Does nothing"
"Scus94491BpeSegment::scriptRewindAndPause2","Does nothing"
"Scus94491BpeSegment::scriptRewindAndPause2","Does nothing"
"Scus94491BpeSegment::scriptRewindAndPause2","Does nothing"
"Scus94491BpeSegment::scriptRewindAndPause2","Does nothing"
"Scus94491BpeSegment::scriptRewindAndPause2","Does nothing"
"Scus94491BpeSegment::scriptRewindAndPause2","Does nothing"
"Scus94491BpeSegment::scriptRewindAndPause2","Does nothing"
"Scus94491BpeSegment::scriptRewindAndPause2","Does nothing"
"Scus94491BpeSegment::scriptRewindAndPause2","Does nothing"
"Scus94491BpeSegment::scriptRewindAndPause2","Does nothing"
"Scus94491BpeSegment::scriptRewindAndPause2","Does nothing"
"Scus94491BpeSegment::scriptRewindAndPause2","Does nothing"
"Scus94491BpeSegment::scriptRewindAndPause2","Does nothing"
"Scus94491BpeSegment::scriptRewindAndPause2","Does nothing"
"Scus94491BpeSegment::scriptRewindAndPause2","Does nothing"
"Scus94491BpeSegment::scriptRewindAndPause2","Does nothing"
"Scus94491BpeSegment::scriptRewindAndPause2","Does nothing"
"Scus94491BpeSegment::scriptRewindAndPause2","Does nothing"
"Scus94491BpeSegment::scriptRewindAndPause2","Does nothing"
"Scus94491BpeSegment::scriptRewindAndPause2","Does nothing"
"Scus94491BpeSegment::scriptRewindAndPause2","Does nothing"
"Bttl_800c::scriptSetModelPartVisibility","Changes the visibility of a battle entity's model part"
"Bttl_800e::scriptCopyVram","Copies a block of vram from one position to another"
"Bttl_800c::FUN_800cd468","Unknown, something to do with loading files"
"Bttl_800c::FUN_800cd4b0","Unknown, something to do with loading files, may wait until the file is loaded"
"Bttl_800c::FUN_800cd4f0","Unknown, something to do with loading files, may clear the file entry"
"Bttl_800c::scriptAddCombatant","Adds a combatant to the battle"
"Bttl_800c::scriptDeallocateAndRemoveCombatant","Deallocates and removes a combatant from the battle"
"Bttl_800c::FUN_800cda78","Unknown, related to asset loading"
"Bttl_800c::scriptAllocateBent","Allocate a battle entity child of this script"
"Bttl_800c::FUN_800cd740","Unknown, related to combatants"
"Bttl_800c::FUN_800cd7a8","Unknown, related to combatants"
"Bttl_800c::FUN_800cd810","Unknown, related to combatants"
"Bttl_800c::FUN_800cd8a4","Unknown, related to combatant textures"
"Bttl_800c::scriptGetBentNobj","Gets the number of parts in a battle entity's model"
"Bttl_800c::scriptDeallocateCombatant","Deallocates a battle entity's combatant"
"Bttl_800c::scriptStopRenderingStage","Stops rendering the battle stage and skybox"
"Bttl_800c::scriptLoadStage","Loads a new battle stage"
"Bttl_800c::FUN_800cd910","Unknown, loads files"
"Bttl_800c::scriptGetCombatantIndex","Gets the combatant index for a battle entity"
"Bttl_800c::scriptGetBentSlot","Gets the battle entity slot or char slot for a battle entity"
"Bttl_800c::scriptDisableCombat","Clears combat scripts and sets the combat disabled flag"
"Scus94491BpeSegment::scriptRewindAndPause2","Does nothing"
"Scus94491BpeSegment::scriptRewindAndPause2","Does nothing"
"Scus94491BpeSegment::scriptRewindAndPause2","Does nothing"
"Scus94491BpeSegment::scriptRewindAndPause2","Does nothing"
"Scus94491BpeSegment::scriptRewindAndPause2","Does nothing"
"Scus94491BpeSegment::scriptRewindAndPause2","Does nothing"
"Scus94491BpeSegment::scriptRewindAndPause2","Does nothing"
"Scus94491BpeSegment::scriptRewindAndPause2","Does nothing"
"Scus94491BpeSegment::scriptRewindAndPause2","Does nothing"
"Scus94491BpeSegment::scriptRewindAndPause2","Does nothing"
"Scus94491BpeSegment::scriptRewindAndPause2","Does nothing"
"Scus94491BpeSegment::scriptRewindAndPause2","Does nothing"
"Scus94491BpeSegment::scriptRewindAndPause2","Does nothing"
"Scus94491BpeSegment::scriptRewindAndPause2","Does nothing"
"Scus94491BpeSegment::scriptRewindAndPause2","Does nothing"
"Scus94491BpeSegment::scriptRewindAndPause2","Does nothing"
"Scus94491BpeSegment::scriptRewindAndPause2","Does nothing"
"Scus94491BpeSegment::scriptRewindAndPause2","Does nothing"
"Scus94491BpeSegment::scriptRewindAndPause2","Does nothing"
"Scus94491BpeSegment::scriptRewindAndPause2","Does nothing"
"Scus94491BpeSegment::scriptRewindAndPause2","Does nothing"
"Scus94491BpeSegment::scriptRewindAndPause2","Does nothing"
"Scus94491BpeSegment::scriptRewindAndPause2","Does nothing"
"Scus94491BpeSegment::scriptRewindAndPause2","Does nothing"
"Scus94491BpeSegment::scriptRewindAndPause2","Does nothing"
"Scus94491BpeSegment::scriptRewindAndPause2","Does nothing"
"Scus94491BpeSegment::scriptRewindAndPause2","Does nothing"
"Scus94491BpeSegment::scriptRewindAndPause2","Does nothing"
"Scus94491BpeSegment::scriptRewindAndPause2","Does nothing"
"Scus94491BpeSegment::scriptRewindAndPause2","Does nothing"
"Scus94491BpeSegment::scriptRewindAndPause2","Does nothing"
"Scus94491BpeSegment::scriptRewindAndPause2","Does nothing"
"Scus94491BpeSegment::scriptRewindAndPause2","Does nothing"
"Scus94491BpeSegment::scriptRewindAndPause2","Does nothing"
"Scus94491BpeSegment::scriptRewindAndPause2","Does nothing"
"Scus94491BpeSegment::scriptRewindAndPause2","Does nothing"
"Scus94491BpeSegment::scriptRewindAndPause2","Does nothing"
"Scus94491BpeSegment::scriptRewindAndPause2","Does nothing"
"Scus94491BpeSegment::scriptRewindAndPause2","Does nothing"
"Scus94491BpeSegment::scriptRewindAndPause2","Does nothing"
"Scus94491BpeSegment::scriptRewindAndPause2","Does nothing"
"Scus94491BpeSegment::scriptRewindAndPause2","Does nothing"
"Scus94491BpeSegment::scriptRewindAndPause2","Does nothing"
"Bttl_800e::FUN_800e6fb4","Unknown, can allocate a DEFF and effect manager child for a battle entity"
"Scus94491BpeSegment::scriptRewindAndPause2","Does nothing"
"Scus94491BpeSegment::scriptRewindAndPause2","Does nothing"
"Bttl_800e::scriptResetLights","Resets battle lighting"
"Bttl_800e::scriptSetLightDirection","Sets the battle light direction"
"Bttl_800e::scriptGetLightDirection","Gets the battle light direction"
"Bttl_800e::FUN_800e48a8","Unknown, sets the battle light direction using the vector (0, 0, 1) rotated by ZYX"
"Bttl_800e::FUN_800e48e8","Unknown, gets the battle light direction using the vector (0, 0, 1) rotated by ZYX"
"Bttl_800e::FUN_800e4964","Unknown, sets the battle light direction"
"Bttl_800e::FUN_800e4abc","Unknown, gets the battle light direction"
"Bttl_800e::scriptSetBattleLightColour","Sets the battle light colour"
"Bttl_800e::scriptGetBattleLightColour","Sets the battle light colour"
"Bttl_800e::scriptSetBattleBackgroundLightColour","Sets the battle light background colour"
"Bttl_800e::scriptGetBattleBackgroundLightColour","Sets the battle light background colour"
"Bttl_800e::FUN_800e4dfc","Unknown, related to battle lights"
"Bttl_800e::FUN_800e4e2c","Unknown, related to battle lights"
"Bttl_800e::FUN_800e4e64","Unknown, related to battle lights"
"Bttl_800e::FUN_800e4ea0","Unknown, must change battle light over time"
"Bttl_800e::FUN_800e4fa0","Unknown, must change battle light over time"
"Bttl_800e::FUN_800e50e8","Unknown, must change battle light over time"
"Bttl_800e::FUN_800e52f8","Unknown, related to battle lights"
"Bttl_800e::FUN_800e540c","Unknown, related to battle lights"
"Bttl_800e::FUN_800e54f8","Unknown, related to battle lights"
"Bttl_800e::FUN_800e5528","Unknown, related to battle lights"
"Bttl_800e::FUN_800e5560","Unknown, related to battle lights"
"Bttl_800e::FUN_800e559c","Unknown, related to battle lights"
"Bttl_800e::FUN_800e569c","Unknown, related to battle lights"
"Bttl_800e::scriptApplyStageAmbiance","Applies the current battle stage's ambiance (including Dragoon Space)"
"Bttl_800e::FUN_800e59d8","Unknown, sets or applies stage ambiance"
"Scus94491BpeSegment::scriptRewindAndPause2","Does nothing"
"Scus94491BpeSegment::scriptRewindAndPause2","Does nothing"
"Scus94491BpeSegment::scriptRewindAndPause2","Does nothing"
"Scus94491BpeSegment::scriptRewindAndPause2","Does nothing"
"Scus94491BpeSegment::scriptRewindAndPause2","Does nothing"
"Scus94491BpeSegment::scriptRewindAndPause2","Does nothing"
"Scus94491BpeSegment::scriptRewindAndPause2","Does nothing"
"Scus94491BpeSegment::scriptRewindAndPause2","Does nothing"
"Scus94491BpeSegment::scriptRewindAndPause2","Does nothing"
"Scus94491BpeSegment::scriptRewindAndPause2","Does nothing"
"Scus94491BpeSegment::scriptRewindAndPause2","Does nothing"
"Scus94491BpeSegment::scriptRewindAndPause2","Does nothing"
"Scus94491BpeSegment::scriptRewindAndPause2","Does nothing"
"Scus94491BpeSegment::scriptRewindAndPause2","Does nothing"
"Scus94491BpeSegment::scriptRewindAndPause2","Does nothing"
"Scus94491BpeSegment::scriptRewindAndPause2","Does nothing"
"Scus94491BpeSegment::scriptRewindAndPause2","Does nothing"
"Scus94491BpeSegment::scriptRewindAndPause2","Does nothing"
"Scus94491BpeSegment::scriptRewindAndPause2","Does nothing"
"Scus94491BpeSegment::scriptRewindAndPause2","Does nothing"
"Scus94491BpeSegment::scriptRewindAndPause2","Does nothing"
"Scus94491BpeSegment::scriptRewindAndPause2","Does nothing"
"Scus94491BpeSegment::scriptRewindAndPause2","Does nothing"
"Scus94491BpeSegment::scriptRewindAndPause2","Does nothing"
"Scus94491BpeSegment::scriptRewindAndPause2","Does nothing"
"Scus94491BpeSegment::scriptRewindAndPause2","Does nothing"
"Scus94491BpeSegment::scriptRewindAndPause2","Does nothing"
"Scus94491BpeSegment::scriptRewindAndPause2","Does nothing"
"Scus94491BpeSegment::scriptRewindAndPause2","Does nothing"
"Scus94491BpeSegment::scriptRewindAndPause2","Does nothing"
"Scus94491BpeSegment::scriptRewindAndPause2","Does nothing"
"Scus94491BpeSegment::scriptRewindAndPause2","Does nothing"
"Scus94491BpeSegment::scriptRewindAndPause2","Does nothing"
"Scus94491BpeSegment::scriptRewindAndPause2","Does nothing"
"Scus94491BpeSegment::scriptRewindAndPause2","Does nothing"
"Bttl_800f::scriptCheckPhysicalHit","Checks if a battle entity's physical attack hits another battle entity"
"Bttl_800f::scriptPhysicalAttack","Perform a battle entity's physical attack against another battle entity"
"Bttl_800f::scriptGetBentPos","Gets a battle entity's position"
"Bttl_800f::scriptAddFloatingNumber","Adds a floating number"
"Bttl_800f::scriptCheckPhysicalHit","Checks if a battle entity's physical attack hits another battle entity"
"Bttl_800f::scriptCheckPhysicalHit","Checks if a battle entity's physical attack hits another battle entity"
"Bttl_800f::scriptCheckPhysicalHit","Checks if a battle entity's physical attack hits another battle entity"
"Bttl_800f::scriptGiveSp","Gives SP to a battle entity"
"Bttl_800f::scriptConsumeSp","Consumes SP from a battle entity"
"Bttl_800f::scriptInitBattleMenu","Initialized the battle menu for a battle entity"
"Bttl_800f::FUN_800f4600","Unknown, this might handle players selecting an attack target"
"Bttl_800f::scriptGetItemOrSpellAttackTarget","Gets the item/spell attack target"
"Bttl_800f::scriptDragoonMagicStatusItemAttack","Perform a battle entity's magic or status attack against another battle entity"
"Bttl_800f::scriptSetTempSpellStats","Caches selected spell's stats on a battle entity"
"Bttl_800f::scriptRenderRecover","Render recovery amount for a battle entity"
"Bttl_800f::scriptItemMagicAttack","Perform a battle entity's item attack against another battle entity"
"Bttl_800f::scriptSetTempItemMagicStats","Caches selected spell's stats on a battle entity"
"Bttl_800f::scriptTakeItem","Takes a specific (or random) item from the player"
"Bttl_800f::scriptGiveItem","Gives a specific item to the player"
"Bttl_800f::FUN_800f9a50","Unknown, related to targeting"
"Bttl_800f::scriptIsFloatingNumberOnScreen","Checks if any floating number is on the screen"
"Bttl_800f::scriptSetDragoonSpaceElementIndex","Sets the active dragoon space element"
"Bttl_800f::FUN_800f9b94","Unknown, related to menu"
"Bttl_800f::FUN_800f9bd4","Unknown, related to menu"
"Bttl_800f::FUN_800f9c00","Unknown, related to menu"
"Bttl_800f::scriptRenderBattleHudBackground","Renders the battle HUD background"
"Bttl_800f::FUN_800f9cac","Unknown, disables menu icons if certain flags are set"
"Bttl_800f::scriptCheckSpellOrStatusHit","Checks if a battle entity's spell or status attack hits another battle entity"
"Bttl_800f::scriptCheckItemHit","Checks if a battle entity's item magic attack hits another battle entity"
"Bttl_800f::scriptFinishBentTurn","Called after any battle entity finishes its turn, ticks temporary stats and calls turnFinished on custom battle entities"
"Scus94491BpeSegment::scriptRewindAndPause2","Does nothing"
"Scus94491BpeSegment::scriptRewindAndPause2","Does nothing"
"Bttl_800e::scriptSetBentZOffset","Sets a battle entity's Z offset"
"Bttl_800e::scriptSetBentScaleUniform","Sets a battle entity's scale uniformly"
"Bttl_800e::scriptSetBentScale","Sets a battle entity's scale"
"Bttl_800e::FUN_800ee384","Unknown, sets shadow type to 2"
"Bttl_800e::scriptDisableBentShadow","Disables a battle entity's shadow"
"Bttl_800e::scriptSetBentShadowSize","Sets a battle entity's shadow size"
"Bttl_800e::scriptSetBentShadowOffset","Sets a battle entity's shadow offset"
"Bttl_800e::scriptApplyScreenDarkening","Darkens the combat stage (for things like counter-attacks, certain dragoon transformations, etc.)"
"Bttl_800e::FUN_800ee384","Unknown, sets shadow type to 2"
"Bttl_800e::scriptGetStageNobj","Gets the number of model parts in the battle stage's model"
"Bttl_800e::scriptShowStageModelPart","Shows the battle stage's model part"
"Bttl_800e::scriptHideStageModelPart","Hides the battle stage's model part"
"Bttl_800e::FUN_800ee3c0","Unknown, sets shadow type to 3, used when player combat script is initialized, second param is based on char ID"
"Bttl_800e::FUN_800ee408","Unknown, sets shadow type"
"Bttl_800e::scriptSetStageZ","Sets the battle stage model's Z offset"
"Scus94491BpeSegment::scriptRewindAndPause2","Does nothing"
"Scus94491BpeSegment::scriptRewindAndPause2","Does nothing"
"Scus94491BpeSegment::scriptRewindAndPause2","Does nothing"
"Scus94491BpeSegment::scriptRewindAndPause2","Does nothing"
"Scus94491BpeSegment::scriptRewindAndPause2","Does nothing"
"Scus94491BpeSegment::scriptRewindAndPause2","Does nothing"
"Scus94491BpeSegment::scriptRewindAndPause2","Does nothing"
"Scus94491BpeSegment::scriptRewindAndPause2","Does nothing"
"Scus94491BpeSegment::scriptRewindAndPause2","Does nothing"
"Scus94491BpeSegment::scriptRewindAndPause2","Does nothing"
"Scus94491BpeSegment::scriptRewindAndPause2","Does nothing"
"Scus94491BpeSegment::scriptRewindAndPause2","Does nothing"
"Scus94491BpeSegment::scriptRewindAndPause2","Does nothing"
"Scus94491BpeSegment::scriptRewindAndPause2","Does nothing"
"Scus94491BpeSegment::scriptRewindAndPause2","Does nothing"
"Scus94491BpeSegment::scriptRewindAndPause2","Does nothing"
"Scus94491BpeSegment::scriptRewindAndPause2","Does nothing"
"SEffe::scriptGetRelativePosition","Calculates the relative offset from one battle object to its parent (or just returns the first object's position if the parent is -1)"
"SEffe::scriptSetRelativePosition","Translates a battle object relative to its parent, if one is specified"
"SEffe::scriptGetRotationDifference","Calculates the relative rotation between two battle objects (or just returns the first object's rotation if the second is -1)"
"SEffe::scriptSetRelativeRotation","Sets the relative rotation between two battle objects (or from the origin if the second is -1)"
"SEffe::scriptGetScaleRatio","Calculates the scale ratio between two battle objects (or just returns the first object's rotation if the second is -1)"
"SEffe::scriptSetRelativeScale","Sets the relative scale between two battle objects (or from the origin if the second is -1)"
"SEffe::scriptGetColourDifference","Calculates the relative colour between two battle objects (or just returns the first object's colour if the second is -1)"
"SEffe::scriptSetRelativeColour","Sets the relative colour between two battle objects (or just sets the colour if the second is -1)"
"SEffe::scriptGetGenericEffectValue","Gets one of the generic values of an EffectManager6c"
"SEffe::scriptSetGenericEffectValue","Sets one of the generic values of an EffectManager6c"
"SEffe::scriptTransformBobjPositionToScreenSpace","Transforms a battle object's position from world space to screen space"
"SEffe::scriptRemoveEffectAttachment","Removes an attachment from an effect"
"SEffe::scriptHasEffectAttachment","Checks if an effect has a specific attachment"
"SEffe::scriptWaitForPositionScalerToFinish","If an effect has a position scaler, pause and rewind; otherwise, continue"
"SEffe::scriptAddPositionScalerAttachment","Adds a position scaler attachment to an effect (relative to a battle object if specified)"
"SEffe::scriptAddRelativePositionScalerTicks0","(Note: uses movement mode 0, meaning not fully understood) Adds a position scaler to an effect (relative to a parent, if provided)"
"SEffe::scriptAddRelativePositionScalerDistance0","(Note: uses movement mode 0, meaning not fully understood) Adds a position scaler to an effect (relative to a parent, if provided)"
"SEffe::scriptAddPositionScalerMoveToParent","Adds a position scaler to an effect to move it to its parent battle object"
"SEffe::FUN_801155f8","No-op"
"SEffe::scriptGetRelativeAngleBetweenBobjs","(Note: uses movement mode 0, meaning not fully understood) Adds a position scaler to an effect (relative to a parent, if provided)"
"SEffe::scriptRotateBobjTowardsPoint","Rotates a battle object towards a point (relative to a parent, if provided)"
"SEffe::FUN_80115440","Clears an effect manager's flag 0x400_0000 and then sets or unsets flag 0x400_0000 (bit 28)"
"SEffe::scriptGetEffectTranslationRelativeToParent","Calculates the relative offset from one effect to its parent (or just returns the first effect's position if the parent is -1)"
"SEffe::scriptAddRotationScalerAttachment","Adds a rotation scaler attachment to an effect"
"SEffe::scriptAddRotationScalerAttachmentTicks","Adds a rotation scaler attachment to an effect (relative to a parent battle object if one is specified)"
"SEffe::scriptAddRotationScalerAttachmentDistance","Adds a rotation scaler attachment to an effect (relative to a parent battle object if one is specified)"
"SEffe::scriptAddRotationScalerAttachmentTowardsPointTicks","Adds a rotation scaler attachment towards a point to an effect (relative to a parent battle object if one is specified)"
"SEffe::scriptAddRotationScalerAttachmentTowardsPointDistance","Adds a rotation scaler attachment towards a point to an effect (relative to a parent battle object if one is specified)"
"SEffe::FUN_80115600","No-op"
"Bttl_800e::FUN_800e9f68","Allocates an effect manager for an unknown purpose"
"SEffe::scriptLoadEffectModelAnimation","Loads a new animation into an effect"
"SEffe::scriptAddScaleScalerAttachment","Adds a scale scaler attachment towards a point to an effect (relative to a parent battle object if one is specified)"
"SEffe::scriptAddScaleScalerMultiplicativeAttachmentTicks","Adds a multiplicative scale scaler attachment to an effect (relative to a parent battle object if one is specified)"
"SEffe::scriptAddScaleScalerMultiplicativeAttachmentDistance","Adds a multiplicative scale scaler attachment to an effect (relative to a parent battle object if one is specified)"
"SEffe::scriptSetScriptScript","Replaces an existing script state's script"
"SEffe::scriptAddScaleScalerDifferenceAttachmentTicks","Adds a difference scale scaler attachment to an effect (relative to a parent battle object if one is specified)"
"SEffe::scriptAddColourScalerAttachment","Adds a colour scaler attachment to an effect (lasts until removed)"
"SEffe::scriptAddConstantColourScalerAttachment","Adds a colour scaler attachment to an effect (relative to a parent if one is specified)"
"SEffe::scriptAddConstantColourScalerDistance","Adds a colour scaler attachment to an effect (relative to a parent if one is specified)"
"SEffe::scriptRemoveGenericEffectAttachment","Removes a generic attachment from an effect"
"SEffe::FUN_80114f34","No-op"
"SEffe::scriptAddGenericAttachment","Adds a generic attachment to an effect"
"SEffe::scriptAddGenericAttachmentTicks","Adds a generic attachment to an effect that increments at a fixed rate"
"SEffe::scriptAddGenericAttachmentSpeed","Adds a generic attachment to an effect that increments at a fixed rate"
"SEffe::scriptAddLifespanAttachment","Adds a lifespan attachment to an effect that deallocates the effect after a certain number of ticks"
"SEffe::FUN_80115324","Clears an effect manager's flag 0x8000_0000 and then sets or unsets flag 0x8000_0000 (bit 31)"
"SEffe::FUN_80115388","Clears an effect manager's flag 0x4000_0000 and then sets or unsets flag 0x4000_0000 (bit 30)"
"SEffe::FUN_801153e4","Clears an effect manager's flags 0x3000_0000 and then sets or unsets flag 0x1000_0000 (bit 28)"
"Bttl_800e::FUN_800e74ac","Returns two unknown values"
"SEffe::scriptGetPositionScalerAttachmentVelocity","Gets the position scaler attachment velocity"
"Bttl_800e::scriptAddOrUpdateTextureAnimationAttachment","Adds or updates a texture animation attachment to an effect"
"SEffe::FUN_8011549c","Clears an effect manager's flag 0x40 and then sets or unsets flag 0x40 (bit 6)"
"SEffe::scriptAddRelativePositionScalerDistance1","(Note: uses movement mode 1, meaning not fully understood) Adds a position scaler to an effect (relative to a parent, if provided)"
"SEffe::scriptAddRelativePositionScalerTicks1","(Note: uses movement mode 1, meaning not fully understood) Adds a position scaler to an effect (relative to a parent, if provided)"
"SEffe::scriptAddOrUpdatePositionScalerAttachment","Adds or updates a position scaler attachment to an effect (relative to a battle object if specified)"
"SEffe::scriptUpdateParabolicPositionScalerAttachment","Updates a position scaler attachment for parabolic arcs"
"Bttl_800e::scriptAllocateEmptyEffectManagerChild","Allocates an empty effect manager"
"Bttl_800e::allocateBillboardSpriteEffect","Allocates a new billboard sprite effect manager"
"Bttl_800e::FUN_800e9854","Allocates an unknown model effect"
"Scus94491BpeSegment::scriptRewindAndPause2","Does nothing"
"Scus94491BpeSegment::scriptRewindAndPause2","Does nothing"
"SEffe::scriptAllocateLmbAnimation","Allocates an LMB animation"
"SEffe::allocateDeffTmd","Allocates a DEFF TMD effect manager"
"Bttl_800e::FUN_800e99bc","Allocates an unknown model effect manager"
"SEffe::FUN_801181a8","Unknown, something to do with LMB animation"
"Scus94491BpeSegment::scriptRewindAndPause2","Does nothing"
"Bttl_800e::scriptLoadCmbAnimation","Loads a CMB animation"
"SEffe::FUN_801156f8","Unknown, possibly something to do with effect manager parents"
"Bttl_800e::scriptHideEffectModelPart","Hides an effect's model part"
"Bttl_800e::scriptShowEffectModelPart","Shows an effect's model part"
"Bttl_800e::scriptAddRedEyeDragoonTransformationFlameArmorEffectAttachment","Attached the red eye dragoon transformation flame armour effect to an effect manager"
"Bttl_800e::scriptApplyTextureAnimationAttachment","Applies a texture animation attachment update"
"Bttl_800e::scriptRemoveTextureAnimationAttachment","Removes a texture animation attachment"
"Scus94491BpeSegment::scriptRewindAndPause2","Does nothing"
"SEffe::scriptLoadSameScriptAndJump","Loads this script into another script state and jumps to a script address"
"SEffe::allocateShirleyTransformWipeEffect","Allocates a new wipe effect (used by Shirley when she transforms)"
"SEffe::FUN_80111a58","Unknown, returns a position"
"Bttl_800e::scriptGetEffectLoopCount","Gets the number of times an effect's animation has looped"
"SEffe::allocateSpriteWithTrailEffect","Allocates a sprite with a trail effect"
"Bttl_800e::scriptLoadDeff","Allocates a DEFF and effect manager child"
"Bttl_800e::FUN_800e6db4","Unknown, related to loading DEFFs"
"Bttl_800e::scriptGetDeffLoadingStage","Gets the current DEFF loading stage"
"SEffe::scriptGetEffectZ","Gets an effect manager's Z value"
"SEffe::scriptSetEffectZ","Sets an effect manager's Z value"
"SEffe::allocateDeffTmdRenderer","Allocates a DEFF TMD renderer effect manager"
"SEffe::FUN_801157d0","Unknown"
"SEffe::scriptGetEffectRotation","Gets an effect's rotation"
"SEffe::FUN_801181f0","Unknown, something to do with LMB animation"
"SEffe::scriptAllocateBuggedEffect","A bugged effect, do not use"
"Scus94491BpeSegment::scriptRewindAndPause2","Does nothing"
"SEffe::scriptWaitForXaToLoad","Waits for the currently-loading XA audio to load (no-op in SC)"
"SEffe::scriptGetXaLoadingStage","Gets the current XA loading stage (probably doesn't work in SC)"
"SEffe::scriptPlayXaAudio","Plays an XA sound"
"Bttl_800e::scriptLoadCutsceneDeff","Allocates a DEFF and effect manager child for a cutscene"
"Bttl_800e::scriptLoadSpellOrItemDeff","Allocates a DEFF and effect manager child for a spell or item"
"Bttl_800e::scriptLoadEnemyOrBossDeff","Allocates a DEFF and effect manager child for an enemy or boss"
"SEffe::scriptConvertRotationYxzToXyz","Converts a YXZ rotation to a XYZ rotation"
"SEffe::FUN_80115a28","Unknown, possibly for finishing a DEFF"
"SEffe::FUN_8011287c","Unknown"
"Bttl_800e::FUN_800e9798","Unknown, sets shadow type"
"Bttl_800e::scriptSetBttlShadowSize","Sets the shadow size for a battle object"
"Bttl_800e::scriptSetBttlShadowOffset","Sets the shadow offset for a battle object"
"SEffe::FUN_801188ec","Allocates an unknown effect"
"SEffe::scriptUpdateDeffManagerFlags","Updates the DEFF manager flags"
"SEffe::scriptLoadDeffStageEffects","Loads DEFF effects for the current battle stage"
"SEffe::scriptGetEffectTextureMetrics","Gets the texture metrics for various effect types"
"SEffe::FUN_801154f4","Clears an effect manager's flag 0x8 and then sets or unsets flag 0x8 (bit 3)"
"SEffe::scriptConsolidateEffectMemory","Unused in SC"
"Scus94491BpeSegment::scriptRewindAndPause2","Does nothing"
"Scus94491BpeSegment::scriptRewindAndPause2","Does nothing"
"Scus94491BpeSegment::scriptRewindAndPause2","Does nothing"
"Scus94491BpeSegment::scriptRewindAndPause2","Does nothing"
"Scus94491BpeSegment::scriptRewindAndPause2","Does nothing"
"Scus94491BpeSegment::scriptRewindAndPause2","Does nothing"
"Scus94491BpeSegment::scriptRewindAndPause2","Does nothing"
"Scus94491BpeSegment::scriptRewindAndPause2","Does nothing"
"Scus94491BpeSegment::scriptRewindAndPause2","Does nothing"
"Scus94491BpeSegment::scriptRewindAndPause2","Does nothing"
"Scus94491BpeSegment::scriptRewindAndPause2","Does nothing"
"Scus94491BpeSegment::scriptRewindAndPause2","Does nothing"
"Scus94491BpeSegment::scriptRewindAndPause2","Does nothing"
"Scus94491BpeSegment::scriptRewindAndPause2","Does nothing"
"Scus94491BpeSegment::scriptRewindAndPause2","Does nothing"
"Scus94491BpeSegment::scriptRewindAndPause2","Does nothing"
"Scus94491BpeSegment::scriptRewindAndPause2","Does nothing"
"Scus94491BpeSegment::scriptRewindAndPause2","Does nothing"
"Scus94491BpeSegment::scriptRewindAndPause2","Does nothing"
"Scus94491BpeSegment::scriptRewindAndPause2","Does nothing"
"SMap::scriptLoadSobjModelAndAnimation","Load a model/animation into a submap object"
"SMap::scriptLoadSobjAnimation","Load a new animation into a submap object"
"SMap::scriptGetSobjAnimation","Get a submap object's animation"
"SMap::FUN_800dffa4","Set us_12a on a submap object"
"SMap::FUN_800dffdc","Get us_12a from a submap object"
"SMap::scriptFacePoint","Rotates a submap object to face a point in 3D space"
"SMap::FUN_800e0094","Set us_128 on a submap object"
"SMap::FUN_800de668","Something to do with forced movement. Used when Dart is halfway through his jump animation in volcano."
"SMap::FUN_800de944","Something to do with forced movement"
"SMap::FUN_800e00cc","Unknown"
"SMap::FUN_800e0148","Returns submap object s_172"
"SMap::FUN_800e01bc","Something related to texture animation"
"SMap::scriptEnableTextureAnimation","Enable a submap object animated texture"
"SMap::FUN_800e0204","Something related to texture animation"
"SMap::scriptDisableTextureAnimation","Disable a submap object animated texture"
"SMap::FUN_800e02c0","Get a submap object's us_170"
"SMap::scriptAttachCameraToSobj","Attaches the camera to a submap object"
"SMap::FUN_800deba0","Something to do with forced movement"
"SMap::scriptGetSobjNobj","Get the number of model parts in a submap object model"
"SMap::scriptHideModelPart","Hide a model part in a submap object model"
"SMap::scriptShowModelPart","Show a model part in a submap object model"
"SMap::scriptFaceCamera","Make a submap object face the camera"
"SMap::scriptSetSobjFlag","Set a submap object's flag"
"SMap::scriptGetSobjFlag","Get a submap object's flag"
"SMap::loadInterpolatedSobjAnimation","Loads an interpolated animation into a submap object"
"SMap::loadUninterpolatedSobjAnimation","Loads an uninterpolated animation into a submap object"
"SMap::FUN_800e0184","Sets submap object s_172"
"SMap::scriptSetChapterTitleCardReadyToRender","Sets origin XY of chapter title card and flags it to move to the rendering state"
"SMap::scriptGetChapterTitleCardAnimationComplete","Gets completion status of chapter title card animation"
"SMap::scriptLoadChapterTitleCard","Starts loading a chapter title card"
"SMap::scriptIsChapterTitleCardLoaded","Checks if the chapter title card has finished loading"
"SMap::scriptSetTitleCardAnimationPauseTicks","Set the number of ticks to hold on the title card before fading it out"
"Scus94491BpeSegment::scriptStartSequenceAndChangeVolumeOverTime","Start the current sequence and fade it in"
"Scus94491BpeSegment::scriptSssqFadeOut","Fade out all sequenced audio"
"Scus94491BpeSegment::scriptChangeSequenceVolumeOverTime","Adjust the current sequence's volume over time"
"Scus94491BpeSegment::scriptGetSequenceFlags","Get the current sequence's flags"
"Scus94491BpeSegment::scriptGetSssqTempoScale","Gets the current sequence's tempo scale"
"Scus94491BpeSegment::scriptSetSssqTempoScale","Sets the current sequence's tempo scale"
"Scus94491BpeSegment::scriptGetLoadedSoundFiles","Gets the currently-loaded sound files"
"Scus94491BpeSegment::scriptGetSequenceVolume","Gets the sequence volume"
"Scus94491BpeSegment::scriptPlayCombatantSound","Plays a combatant sound"
"Scus94491BpeSegment::scriptStopBentSound2","Stop a battle entity sound"
"Scus94491BpeSegment_8002::scriptStopAndUnloadSequences","Stops and unloads all music and sound sequences"
"Scus94491BpeSegment::scriptLoadCharacterAttackSounds","Loads a character's attack sounds"
"Scus94491BpeSegment_8002::scriptReplaceMonsterSounds","Replaces a monster's attack sounds (e.g. used when Melbu changes forms)"
"Scus94491BpeSegment::scriptLoadCutsceneSounds","Loads sounds for a cutscene"
"Scus94491BpeSegment::scriptLoadFinalBattleSounds","Loads sounds for the final battle"
"Scus94491BpeSegment::scriptRewindAndPause2","Does nothing"
"Scus94491BpeSegment::scriptRewindAndPause2","Does nothing"
"Scus94491BpeSegment::scriptRewindAndPause2","Does nothing"
"Scus94491BpeSegment::scriptRewindAndPause2","Does nothing"
"Scus94491BpeSegment::scriptRewindAndPause2","Does nothing"
"Scus94491BpeSegment::scriptRewindAndPause2","Does nothing"
"Scus94491BpeSegment::scriptRewindAndPause2","Does nothing"
"Scus94491BpeSegment::scriptRewindAndPause2","Does nothing"
"Scus94491BpeSegment::scriptRewindAndPause2","Does nothing"
"Scus94491BpeSegment::scriptRewindAndPause2","Does nothing"
"Scus94491BpeSegment::scriptRewindAndPause2","Does nothing"
"Scus94491BpeSegment::scriptRewindAndPause2","Does nothing"
"Scus94491BpeSegment::scriptRewindAndPause2","Does nothing"
"Scus94491BpeSegment::scriptRewindAndPause2","Does nothing"
"Scus94491BpeSegment::scriptRewindAndPause2","Does nothing"
"Scus94491BpeSegment::scriptRewindAndPause2","Does nothing"
"Scus94491BpeSegment::scriptRewindAndPause2","Does nothing"
"Bttl_800d::FUN_800d3090","No-op"
"Bttl_800c::scriptAllocateFullScreenOverlay","Allocates a full-screen overlay effect"
"Bttl_800c::scriptRand","Generates a random number using the Mersenne Twister algorithm"
"Bttl_800c::scriptSetWeaponTrailSegmentCount","Sets a weapon trail effect's segment count"
"Bttl_800d::FUN_800d3098","No-op"
"Bttl_800d::FUN_800d30a0","No-op"
"Bttl_800d::FUN_800d30a8","No-op"
"Bttl_800d::FUN_800d30b0","No-op"
"Bttl_800c::scriptRenderColouredQuad","Renders a full-screen, coloured quad"
"Bttl_800c::FUN_800cf0b4","Adds an unknown, unused attachment to an effect. Seems to oscillate an effect's position back and forth by a certain amount."
"SEffe::scriptAllocateParticleEffect","Allocates a particle effect manager"
"SEffe::scriptSetParticleAcceleration","Sets a particle's acceleration"
"Bttl_800d::FUN_800d30b8","No-op"
"Bttl_800d::scriptAllocateProjectileHitEffect","Allocates a projectile hit effect manager"
"Bttl_800d::FUN_800d09b8","No-op"
"Bttl_800d::scriptAllocateAdditionSparksEffect","Allocates an addition sparks effect manager"
"SEffe::FUN_80102608","Mo-op (pause)"
"SEffe::scriptAllocateAdditionOverlaysEffect","Allocates an addition overlays effect manager"
"SEffe::scriptGetHitCompletionState","Gets the success or failure of the addition hit"
"SEffe::FUN_80108de8","No-op"
"Bttl_800d::scriptAllocateAdditionStarburstEffect","Allocates an addition starburst effect manager"
"Bttl_800d::FUN_800d1cac","Allocates an empty effect manager"
"Bttl_800d::FUN_800d1cf4","Allocates an empty effect manager"
"SEffe::scriptAlterAdditionContinuationState","Pauses ticker/renderer of addition overlays during counterattacks"
"SEffe::FUN_80108df0","No-op"
"Bttl_800d::scriptAllocateGuardEffect","Allocates a guard effect manager"
"Bttl_800c::scriptAllocateWeaponTrailEffect","Allocates a weapon trail effect manager"
"Bttl_800d::scriptAllocateRadialGradientEffect","Allocates a radial gradient effect manager"
"Bttl_800d::scriptAllocateAdditionScript","Allocates an addition name display script state"
"Bttl_800c::scriptGetBobjLocalWorldMatrixTranslation","Gets a battle object's local world matrix translation"
"Bttl_800d::scriptAllocateSpTextEffect","Allocates an addition SP text display effect manager"
"Bttl_800d::scriptAllocateAdditionNameEffect","Allocates an addition name effect manager"
"SMap::FUN_800f2048","Unknown, self version of FUN_800f1f9c"
"SMap::FUN_800f1f9c","Unknown"
"SMap::FUN_800f1060","Unknown"
"SMap::FUN_800f2264","Unknown"
"SMap::scriptAddSavePoint","Adds a save point to the map"
"SMap::FUN_800f23ec","Unknown"
"SMap::FUN_800f2780","No-op"
"SMap::FUN_800f2090","Unknown"
"SMap::FUN_800f2198","Initialized parameters for snow"
"SMap::FUN_800f1eb8","Unknown"
"SMap::scriptAllocateTriangleIndicatorArray","Allocates triangle indicators from an array of struct data"
"SMap::FUN_800f1b64","Unknown, adds triangle indicators (possibly for doors)"
"SMap::FUN_800f26c8","Unknown"
"SMap::FUN_800f1d0c","Unknown, adds a triangle indicator (possibly for a door)"
"SMap::FUN_800f14f0","Unknown"
"SMap::FUN_800f24d8","Unknown"
"SMap::FUN_800f24b0","Unknown"
"SMap::FUN_800f23a0","Unknown"
"SMap::FUN_800f1634","Unknown"
"SMap::FUN_800f22c4","Unknown"
"SMap::FUN_800f2554","Unknown"
"SMap::FUN_800f25a8","Unknown"
"SMap::FUN_800f1274","Unknown"
"Scus94491BpeSegment::scriptRewindAndPause2","Does nothing"
"Scus94491BpeSegment::scriptRewindAndPause2","Does nothing"
"Scus94491BpeSegment::scriptRewindAndPause2","Does nothing"
"Scus94491BpeSegment::scriptRewindAndPause2","Does nothing"
"Scus94491BpeSegment::scriptRewindAndPause2","Does nothing"
"Scus94491BpeSegment::scriptRewindAndPause2","Does nothing"
"Scus94491BpeSegment::scriptRewindAndPause2","Does nothing"
"Scus94491BpeSegment::scriptRewindAndPause2","Does nothing"
"Scus94491BpeSegment::scriptRewindAndPause2","Does nothing"
"SEffe::scriptAllocateLensFlareEffect","Allocates a lens flare effect attached to a battle entity"
"SEffe::scriptAllocateWsDragoonTransformationFeathersEffect","Allocates a white-silver dragoon transformation feathers effect"
"SEffe::scriptAllocateGoldDragoonTransformEffect","Allocates a gold dragoon transformation effect"
"SEffe::scriptAllocateStarChildrenMeteorEffect","Allocates a Star Children meteor effect"
"SEffe::scriptAllocateStarChildrenImpactEffect","Allocates a Star Children impact effect"
"SEffe::scriptAllocateMoonlightStarsEffect","Allocates a Moon Light stars effect"
"Scus94491BpeSegment::FUN_8001c5fc","Not implemented in retail"
"Scus94491BpeSegment::FUN_8001c604","Not implemented in retail"
"Scus94491BpeSegment::scriptRewindAndPause2","Does nothing"
"Scus94491BpeSegment::scriptRewindAndPause2","Does nothing"
"Scus94491BpeSegment::scriptRewindAndPause2","Does nothing"
"Scus94491BpeSegment::scriptRewindAndPause2","Does nothing"
"Scus94491BpeSegment::scriptRewindAndPause2","Does nothing"
"Scus94491BpeSegment::scriptRewindAndPause2","Does nothing"
"Scus94491BpeSegment::scriptRewindAndPause2","Does nothing"
"Scus94491BpeSegment::scriptRewindAndPause2","Does nothing"
"Scus94491BpeSegment::scriptRewindAndPause2","Does nothing"
"Scus94491BpeSegment::scriptRewindAndPause2","Does nothing"
"Scus94491BpeSegment::scriptRewindAndPause2","Does nothing"
"Scus94491BpeSegment::scriptRewindAndPause2","Does nothing"
"Scus94491BpeSegment::scriptRewindAndPause2","Does nothing"
"Scus94491BpeSegment::scriptRewindAndPause2","Does nothing"
"Scus94491BpeSegment::scriptRewindAndPause2","Does nothing"
"Scus94491BpeSegment::scriptRewindAndPause2","Does nothing"
"Scus94491BpeSegment::scriptRewindAndPause2","Does nothing"
"Scus94491BpeSegment::scriptRewindAndPause2","Does nothing"
"Scus94491BpeSegment::scriptRewindAndPause2","Does nothing"
"Scus94491BpeSegment::scriptRewindAndPause2","Does nothing"
"Scus94491BpeSegment::scriptRewindAndPause2","Does nothing"
"Scus94491BpeSegment::scriptRewindAndPause2","Does nothing"
"Scus94491BpeSegment::scriptRewindAndPause2","Does nothing"
"Scus94491BpeSegment::scriptRewindAndPause2","Does nothing"
"Bttl_800d::scriptRenderButtonPressHudElement","Allocates the button press HUD for additions"
"SEffe::FUN_80108df8","Allocates an empty effect manager"
"SEffe::FUN_80102610","No-op"
"Bttl_800c::scriptGetBentDimension","Gets a bounding box dimension for a battle entity"
"SEffe::scriptAllocateRainEffect","Allocates a rain effect"
"Bttl_800c::scriptApplyWeaponTrailScaling","Rescales the weapon trail effect as it progresses"
"SEffe::scriptAllocateElectricityEffect","Allocates an electricity effect"
"SEffe::scriptGetBoltSegmentEnd","Calculates the end of an electricity bolt segment"
"SEffe::scriptAllocateDragoonAdditionScript","Allocates a dragoon addition effect"
"SEffe::scriptAllocateThunderArrowEffect","Allocates a thunder arrow effect extension to an electricity effect"
"Scus94491BpeSegment::scriptRewindAndPause2","Does nothing"
"SEffe::scriptAllocateScreenDistortionEffect","Allocates a screen distortion effect"
"SEffe::scriptGetDragoonAdditionHitsCompleted","Gets the number of dragoon addition hits completed"
"SEffe::FUN_801023f4","No-op"
"Bttl_800c::FUN_800cfec8","No-op"
"SEffe::scriptGetAliveParticles","Returns which particles are alive"
"SEffe::scriptGetParticlePosition","Gets the position of a particle"
"Bttl_800c::scriptSetMtSeed","Sets the Mersenne Twister random number seed"
"SEffe::scriptAllocateVertexDifferenceAnimation","Allocates a vertex difference animation for an effect"
"SEffe::scriptAllocateFrozenJetEffect","Allocates a frozen jet effect"
"Bttl_800d::scriptAllocateMonsterDeathEffect","Allocates a monster death effect effect for a monster battle entity"
"Bttl_800d::scriptGetBobjModelPartCount","Gets a battle object model's part count"
"SEffe::scriptGetAdditionOverlayActiveStatus","Gets the addition overlay state"
"Scus94491BpeSegment::scriptRewindAndPause2","Does nothing"
"Scus94491BpeSegment::scriptRewindAndPause2","Does nothing"
"Scus94491BpeSegment::scriptRewindAndPause2","Does nothing"
"Scus94491BpeSegment::scriptRewindAndPause2","Does nothing"
"Scus94491BpeSegment::scriptRewindAndPause2","Does nothing"
"Scus94491BpeSegment::scriptRewindAndPause2","Does nothing"
"Scus94491BpeSegment::scriptRewindAndPause2","Does nothing"
"Scus94491BpeSegment::scriptRewindAndPause2","Does nothing"
"Scus94491BpeSegment::scriptRewindAndPause2","Does nothing"
"Scus94491BpeSegment_8002::scriptGiveChestContents","Gives the player chest contents"
"Scus94491BpeSegment_8002::scriptTakeItem","Takes an item from the player"
"Scus94491BpeSegment_8002::scriptGiveGold","Gives the player gold"
"Scus94491BpeSegment::scriptRewindAndPause2","Does nothing"
"Scus94491BpeSegment::scriptRewindAndPause2","Does nothing"
"Scus94491BpeSegment::scriptRewindAndPause2","Does nothing"
"Scus94491BpeSegment::scriptRewindAndPause2","Does nothing"
"Scus94491BpeSegment::scriptRewindAndPause2","Does nothing"
"Scus94491BpeSegment::scriptRewindAndPause2","Does nothing"
"Scus94491BpeSegment::scriptRewindAndPause2","Does nothing"
"Scus94491BpeSegment::scriptRewindAndPause2","Does nothing"
"Scus94491BpeSegment::scriptRewindAndPause2","Does nothing"
"Scus94491BpeSegment::scriptRewindAndPause2","Does nothing"
"Scus94491BpeSegment::scriptRewindAndPause2","Does nothing"
"Scus94491BpeSegment::scriptRewindAndPause2","Does nothing"
"Scus94491BpeSegment::scriptRewindAndPause2","Does nothing"
"Scus94491BpeSegment::scriptRewindAndPause2","Does nothing"
"Scus94491BpeSegment::scriptRewindAndPause2","Does nothing"
"Scus94491BpeSegment::scriptRewindAndPause2","Does nothing"
"Scus94491BpeSegment::scriptRewindAndPause2","Does nothing"
"Scus94491BpeSegment::scriptRewindAndPause2","Does nothing"
"Scus94491BpeSegment::scriptRewindAndPause2","Does nothing"
"Scus94491BpeSegment::scriptRewindAndPause2","Does nothing"
"Scus94491BpeSegment::scriptRewindAndPause2","Does nothing"
"Scus94491BpeSegment::scriptRewindAndPause2","Does nothing"
"Scus94491BpeSegment::scriptRewindAndPause2","Does nothing"
"Scus94491BpeSegment::scriptRewindAndPause2","Does nothing"
"Scus94491BpeSegment::scriptRewindAndPause2","Does nothing"
"Scus94491BpeSegment::scriptRewindAndPause2","Does nothing"
"Scus94491BpeSegment::scriptRewindAndPause2","Does nothing"
"Scus94491BpeSegment::scriptRewindAndPause2","Does nothing"
"Scus94491BpeSegment::scriptRewindAndPause2","Does nothing"
"SEffe::scriptAllocateGradientRaysEffect","Allocates a gradient rays effect"
"SEffe::scriptAllocateScreenCaptureEffect","Allocates a screen capture effect"
"Scus94491BpeSegment::scriptRewindAndPause2","Does nothing"
"Scus94491BpeSegment::scriptRewindAndPause2","Does nothing"
"Scus94491BpeSegment::scriptRewindAndPause2","Does nothing"
"Scus94491BpeSegment::scriptRewindAndPause2","Does nothing"
"Scus94491BpeSegment::scriptRewindAndPause2","Does nothing"
"Scus94491BpeSegment::scriptRewindAndPause2","Does nothing"
"Scus94491BpeSegment::scriptRewindAndPause2","Does nothing"
"Scus94491BpeSegment::scriptRewindAndPause2","Does nothing"
"Scus94491BpeSegment::scriptRewindAndPause2","Does nothing"
"Scus94491BpeSegment::scriptRewindAndPause2","Does nothing"
"Scus94491BpeSegment::scriptRewindAndPause2","Does nothing"
"Scus94491BpeSegment::scriptRewindAndPause2","Does nothing"
"Scus94491BpeSegment::scriptRewindAndPause2","Does nothing"
"Scus94491BpeSegment::scriptRewindAndPause2","Does nothing"
"Scus94491BpeSegment::scriptRewindAndPause2","Does nothing"
"Scus94491BpeSegment::scriptRewindAndPause2","Does nothing"
"Scus94491BpeSegment::scriptRewindAndPause2","Does nothing"
"Scus94491BpeSegment::scriptRewindAndPause2","Does nothing"
"Scus94491BpeSegment::scriptRewindAndPause2","Does nothing"
"Scus94491BpeSegment::scriptRewindAndPause2","Does nothing"
"Scus94491BpeSegment::scriptRewindAndPause2","Does nothing"
"Scus94491BpeSegment::scriptRewindAndPause2","Does nothing"
"Scus94491BpeSegment::scriptRewindAndPause2","Does nothing"
"Scus94491BpeSegment::scriptRewindAndPause2","Does nothing"
"Scus94491BpeSegment::scriptRewindAndPause2","Does nothing"
"Scus94491BpeSegment::scriptRewindAndPause2","Does nothing"
"Scus94491BpeSegment::scriptRewindAndPause2","Does nothing"
"Scus94491BpeSegment::scriptRewindAndPause2","Does nothing"
"Scus94491BpeSegment::scriptRewindAndPause2","Does nothing"
"Scus94491BpeSegment::scriptRewindAndPause2","Does nothing"
"Scus94491BpeSegment::scriptRewindAndPause2","Does nothing"
"Scus94491BpeSegment::scriptRewindAndPause2","Does nothing"
"Scus94491BpeSegment::scriptRewindAndPause2","Does nothing"
"Scus94491BpeSegment::scriptRewindAndPause2","Does nothing"
"Scus94491BpeSegment::scriptRewindAndPause2","Does nothing"
"Scus94491BpeSegment::scriptRewindAndPause2","Does nothing"
"Scus94491BpeSegment::scriptRewindAndPause2","Does nothing"
"Scus94491BpeSegment::scriptRewindAndPause2","Does nothing"
"Scus94491BpeSegment::scriptRewindAndPause2","Does nothing"
"Scus94491BpeSegment::scriptRewindAndPause2","Does nothing"
"Scus94491BpeSegment::scriptRewindAndPause2","Does nothing"
"Scus94491BpeSegment::scriptRewindAndPause2","Does nothing"
"Scus94491BpeSegment::scriptRewindAndPause2","Does nothing"
"Scus94491BpeSegment::scriptRewindAndPause2","Does nothing"
"Scus94491BpeSegment::scriptRewindAndPause2","Does nothing"
"Scus94491BpeSegment::scriptRewindAndPause2","Does nothing"
"Scus94491BpeSegment::scriptRewindAndPause2","Does nothing"
"Scus94491BpeSegment::scriptRewindAndPause2","Does nothing"
"Scus94491BpeSegment::scriptRewindAndPause2","Does nothing"
"Scus94491BpeSegment::scriptRewindAndPause2","Does nothing"
"Scus94491BpeSegment::scriptRewindAndPause2","Does nothing"
"Scus94491BpeSegment::scriptRewindAndPause2","Does nothing"
"Scus94491BpeSegment::scriptRewindAndPause2","Does nothing"
"Scus94491BpeSegment::scriptRewindAndPause2","Does nothing"
"Scus94491BpeSegment::scriptRewindAndPause2","Does nothing"
"Scus94491BpeSegment::scriptRewindAndPause2","Does nothing"
"Scus94491BpeSegment::scriptRewindAndPause2","Does nothing"
"Scus94491BpeSegment::scriptRewindAndPause2","Does nothing"
"Scus94491BpeSegment::scriptRewindAndPause2","Does nothing"
"Scus94491BpeSegment::scriptRewindAndPause2","Does nothing"
"Scus94491BpeSegment::scriptRewindAndPause2","Does nothing"
"Scus94491BpeSegment::scriptRewindAndPause2","Does nothing"
"Scus94491BpeSegment::scriptRewindAndPause2","Does nothing"
"Scus94491BpeSegment::scriptRewindAndPause2","Does nothing"
"Scus94491BpeSegment::scriptRewindAndPause2","Does nothing"
"Scus94491BpeSegment::scriptRewindAndPause2","Does nothing"
"Scus94491BpeSegment::scriptRewindAndPause2","Does nothing"
"Scus94491BpeSegment::scriptRewindAndPause2","Does nothing"
"Scus94491BpeSegment::scriptRewindAndPause2","Does nothing"
"Scus94491BpeSegment::scriptRewindAndPause2","Does nothing"
"Scus94491BpeSegment::scriptRewindAndPause2","Does nothing"
"Scus94491BpeSegment::scriptRewindAndPause2","Does nothing"
"Scus94491BpeSegment::scriptRewindAndPause2","Does nothing"
"Scus94491BpeSegment::scriptRewindAndPause2","Does nothing"
"Scus94491BpeSegment::scriptRewindAndPause2","Does nothing"
"Scus94491BpeSegment::scriptRewindAndPause2","Does nothing"
"Scus94491BpeSegment::scriptRewindAndPause2","Does nothing"
"Scus94491BpeSegment::scriptRewindAndPause2","Does nothing"
"Scus94491BpeSegment::scriptRewindAndPause2","Does nothing"
"Scus94491BpeSegment::scriptRewindAndPause2","Does nothing"
"Scus94491BpeSegment::scriptRewindAndPause2","Does nothing"
"Scus94491BpeSegment::scriptRewindAndPause2","Does nothing"
"Scus94491BpeSegment::scriptRewindAndPause2","Does nothing"
"Scus94491BpeSegment::scriptRewindAndPause2","Does nothing"
"Scus94491BpeSegment::scriptRewindAndPause2","Does nothing"
"Scus94491BpeSegment::scriptRewindAndPause2","Does nothing"
"Scus94491BpeSegment::scriptRewindAndPause2","Does nothing"
"Scus94491BpeSegment::scriptRewindAndPause2","Does nothing"
"Scus94491BpeSegment::scriptRewindAndPause2","Does nothing"
"Scus94491BpeSegment::scriptRewindAndPause2","Does nothing"
"Scus94491BpeSegment::scriptRewindAndPause2","Does nothing"
"Scus94491BpeSegment::scriptRewindAndPause2","Does nothing"
"Scus94491BpeSegment::scriptRewindAndPause2","Does nothing"
"Scus94491BpeSegment::scriptRewindAndPause2","Does nothing"
"Scus94491BpeSegment::scriptRewindAndPause2","Does nothing"
"Scus94491BpeSegment::scriptRewindAndPause2","Does nothing"
"Scus94491BpeSegment::scriptRewindAndPause2","Does nothing"
"Scus94491BpeSegment::scriptRewindAndPause2","Does nothing"
"Scus94491BpeSegment::scriptRewindAndPause2","Does nothing"
"Scus94491BpeSegment::scriptRewindAndPause2","Does nothing"
"Scus94491BpeSegment::scriptRewindAndPause2","Does nothing"
"Scus94491BpeSegment::scriptRewindAndPause2","Does nothing"
"Scus94491BpeSegment::scriptRewindAndPause2","Does nothing"
"Scus94491BpeSegment::scriptRewindAndPause2","Does nothing"
"Scus94491BpeSegment::scriptRewindAndPause2","Does nothing"
"Scus94491BpeSegment::scriptRewindAndPause2","Does nothing"
"Scus94491BpeSegment::scriptRewindAndPause2","Does nothing"
"Scus94491BpeSegment::scriptRewindAndPause2","Does nothing"
"Scus94491BpeSegment::scriptRewindAndPause2","Does nothing"
"Scus94491BpeSegment::scriptRewindAndPause2","Does nothing"
"Scus94491BpeSegment::scriptRewindAndPause2","Does nothing"
"Scus94491BpeSegment::scriptRewindAndPause2","Does nothing"
"Scus94491BpeSegment::scriptRewindAndPause2","Does nothing"
"Scus94491BpeSegment::scriptRewindAndPause2","Does nothing"
"Scus94491BpeSegment::scriptRewindAndPause2","Does nothing"
"Scus94491BpeSegment::scriptRewindAndPause2","Does nothing"
"Scus94491BpeSegment::scriptRewindAndPause2","Does nothing"
"Scus94491BpeSegment::scriptRewindAndPause2","Does nothing"
"Scus94491BpeSegment::scriptRewindAndPause2","Does nothing"
"Scus94491BpeSegment::scriptRewindAndPause2","Does nothing"
"Scus94491BpeSegment::scriptRewindAndPause2","Does nothing"
"Scus94491BpeSegment::scriptRewindAndPause2","Does nothing"
"Scus94491BpeSegment::scriptRewindAndPause2","Does nothing"
"Scus94491BpeSegment::scriptRewindAndPause2","Does nothing"
"Scus94491BpeSegment::scriptRewindAndPause2","Does nothing"
"Scus94491BpeSegment::scriptRewindAndPause2","Does nothing"
